{
    "rmse": [
        9.164337764306074,
        9.92601854972285,
        10.426206100786144,
        10.493873736231581,
        10.696999855718097,
        11.827572033591442,
        13.062269721137564,
        14.550823376988856,
        16.1179567958045,
        14.307735014511927,
        14.317147339758986,
        13.914850008944137,
        14.356834325601477,
        13.939515665416158,
        13.399203731536941,
        13.421405413178542,
        13.994663965181271,
        14.740201445635172,
        15.576142255037045,
        15.606689508046157,
        15.613059885204295,
        15.504987514924625,
        15.60612902328435,
        15.16087521511606,
        14.281387359870035,
        14.167919368339462,
        14.010127914280426,
        13.717652012569634,
        13.98928536338951,
        15.085241400346835,
        16.16747431205518,
        17.36056063777646,
        18.622460817394703,
        17.275000379712917,
        16.814988806857897,
        16.207973931741968,
        16.404287647665985,
        15.926578189368852,
        15.300492802459265,
        15.12590066535061,
        15.633639318395778,
        16.779898027132372,
        17.4851539017898,
        17.711217519535893,
        17.643892785818984,
        17.326849188875183,
        17.388803315038814,
        16.83252911348161,
        15.863096419029029,
        15.52758222324692,
        15.128098099384308,
        15.01222366183217,
        15.369587740100831,
        16.285105358161772,
        17.371069091104378,
        18.572072861234982,
        19.963235833682667,
        18.380060224516676,
        17.91870298131247,
        17.09784499212924,
        17.250976143709767,
        16.635056949202774,
        16.292345097290376,
        16.0857738152933,
        16.49454061323423,
        17.504542086005156,
        18.245082334680436,
        18.450747380471526,
        18.58105838340521,
        18.465533067165826,
        18.189698442667492,
        17.52827657086749
    ],
    "mae": [
        6.365477643345229,
        6.635302498887228,
        6.977778346089339,
        7.168815173696049,
        7.530143872677174,
        8.312247356553161,
        9.887716496948661,
        11.157942850287563,
        11.23572613785358,
        10.487184242245473,
        10.437536440195696,
        10.1644623765493,
        10.011654030798095,
        9.943830938526814,
        9.94108341838165,
        9.983869021654698,
        10.274032576562165,
        10.776871503307992,
        11.440375187473203,
        11.831438391768847,
        11.945080983258128,
        12.024425667928982,
        11.954609413612355,
        11.440050457003526,
        10.667436857202246,
        10.382376525802025,
        10.239445800179965,
        10.023896457280719,
        10.5810711465864,
        11.450631932553952,
        12.708240730245507,
        13.849225329733645,
        13.868090490552722,
        13.355629692819937,
        12.910634545461797,
        12.27171176788447,
        12.107526840301638,
        12.015170937415643,
        11.659445130004421,
        11.445097963452136,
        11.791235104997938,
        12.585316518035757,
        13.060513870835091,
        13.640000952933633,
        13.629199793215037,
        13.584026002405073,
        13.525652962167873,
        12.98171009794861,
        12.0611409183834,
        11.53893412501224,
        11.153367953507624,
        11.231502523184284,
        11.86585098414838,
        12.566113448639916,
        13.772639850223005,
        14.864642321107285,
        14.984745905399793,
        14.259465881887305,
        13.751242187188806,
        13.019613315117091,
        12.86317463840048,
        12.60265668244668,
        12.501117869287436,
        12.23015711237454,
        12.463459347176075,
        13.204246883850402,
        13.655060899432788,
        14.252359852443725,
        14.562588939956216,
        14.549261362782392,
        14.250999155573895,
        13.655232509257342
    ],
    "mb": [
        -1.239378909637829,
        -1.760342434872976,
        -1.6710674220616943,
        -1.0341605371987377,
        0.3265852636104987,
        0.7605657240680065,
        2.4604513669871397,
        3.4598172884896754,
        2.3702585794122175,
        1.3065343728100485,
        1.4561608821763896,
        0.9039305011894289,
        0.5401122481426457,
        1.17963030514472,
        1.0462383341722152,
        0.958393847732476,
        0.7776283615611077,
        1.721407509257482,
        2.129145206094987,
        2.294012409042297,
        2.9668322345376352,
        2.367656797662266,
        1.7780825686230055,
        0.8126683639778239,
        -0.10144889102464048,
        -0.5576813247876669,
        -0.6309820591038601,
        -0.0019925627966655432,
        1.2892034623848811,
        2.1344054447383574,
        3.463122770735133,
        4.182504221990014,
        3.230614045474729,
        2.6092742766560737,
        1.841885205918578,
        1.2982355278878728,
        1.4468324594471589,
        2.047159821162718,
        1.6863035107801014,
        1.527450801047647,
        1.3593053835342976,
        2.5222238696333514,
        2.8983118503452685,
        3.506136483796876,
        3.727815481269129,
        2.5890052627358098,
        2.304682336711594,
        1.7215919014627326,
        0.6424381509103615,
        -0.05787806958818027,
        -0.2789342725366866,
        0.6899318581857735,
        1.8225018526869257,
        2.575614200875855,
        3.736859947369836,
        5.004321475953039,
        3.472489099258318,
        2.876949623417285,
        2.4412481000086528,
        1.7547686059030203,
        2.044116051434071,
        2.3047827825694145,
        2.4125468213688244,
        2.3666606189917947,
        1.915866002708087,
        2.615621711956039,
        3.269567756040191,
        3.8592003225441873,
        4.571771757998123,
        4.247707707714524,
        2.675736873369511,
        2.270284051224519
    ],