{
    "rmse": [
        9.278354300550493,
        9.530713895043638,
        9.748637021816613,
        11.444628316180326,
        13.83377638110172,
        14.695073350436115,
        16.532448465551372,
        17.59173150096347,
        16.79328592528846,
        14.591575575023647,
        13.583969344635351,
        13.159702396904157,
        13.545310690807922,
        13.986982472003005,
        15.469461412295193,
        17.95368251528964,
        20.049232477211735,
        20.771264917660567,
        21.159247969096217,
        21.633126356969548,
        22.415222490610372,
        21.759797691040806,
        20.612261180539406,
        18.463672772071387,
        15.89272523324246,
        13.785464253465337,
        12.7212278272491,
        13.361561914230942,
        15.179821866647059,
        16.616511568037456,
        18.70253641440199,
        19.973566796920583,
        19.13587809420512,
        16.66456892310366,
        14.884443583831422,
        14.341734078285826,
        14.496236130007151,
        14.801687595993146,
        16.375277944644722,
        19.07255332812855,
        21.382660823039494,
        22.169117337731286,
        22.81162608783662,
        23.33660895516596,
        24.15498938354494,
        23.409012344802264,
        21.829746547791217,
        19.567174804009632,
        16.740043986143192,
        14.417378156897772,
        13.182584404525663,
        13.759966934941584,
        15.784282820863941,
        17.14932983016328,
        19.080390314244884,
        20.284685034217564,
        19.582089248037295,
        17.041344756836892,
        15.121522348699015,
        14.418948601376858,
        15.013946148822638,
        15.395242478429465,
        16.747850087073406,
        19.461734622151514,
        21.600401552956004,
        22.543827260685518,
        22.984693382760867,
        23.585175435214275,
        24.444913197379208,
        23.603136779971614,
        22.085280262677937,
        19.7636298643862
    ],
    "mae": [
        6.875313334178936,
        7.05269324194863,
        7.180812173544833,
        8.777301970452987,
        10.73321557076607,
        11.452044617334028,
        12.710831358995055,
        13.28998584444074,
        12.479467223158611,
        10.981999543516494,
        10.146419360454805,
        9.835047259947466,
        10.124410445560354,
        10.560645647570059,
        11.489633416223349,
        13.333298321836326,
        14.754421243046444,
        15.569276697741989,
        16.224534472472538,
        16.86166174536706,
        17.655674420353844,
        16.911264882542824,
        16.36433333042841,
        14.692711030132433,
        12.396332506044908,
        10.793116994488805,
        9.875097464298085,
        10.592833184206082,
        12.272636224225117,
        13.308201600777668,
        14.672924840954602,
        15.27549997681715,
        14.60719464610909,
        12.636734395307982,
        11.213564869253512,
        10.836900287584625,
        10.848139940335567,
        11.159973824029931,
        12.242383399343861,
        14.107055084756846,
        15.729227315861154,
        16.670760526598016,
        17.43209334169008,
        18.31174948121965,
        19.126606671537292,
        18.54464924260726,
        17.439064090934092,
        15.712796143356071,
        13.233131235035627,
        11.369542245034976,
        10.29142030352904,
        10.922410767494522,
        12.814127005737724,
        13.744903996072694,
        15.11082880988687,
        15.547490075090995,
        14.927916799198401,
        12.963706705219055,
        11.359827702789442,
        10.91106677783714,
        11.282748491402396,
        11.664920519015526,
        12.576958009404418,
        14.490089585467146,
        15.89861312969688,
        17.071656822067233,
        17.54556631416629,
        18.555016712362455,
        19.493158851886463,
        18.798419722669937,
        17.702726238087973,
        15.904847532141659
    ],
    "mb": [
        0.875884427948175,
        1.1758897045012535,
        1.582017911123597,
        3.4144482958363445,
        5.4803528783607485,
        4.466875354738994,
        2.9600870902997087,
        0.6956942042061555,
        -0.3912362001977054,
        0.1252521761609168,
        0.3576893971651067,
        0.34565184376543245,
        -0.060669368486244574,
        -0.4534314586236966,
        -2.02712035047492,
        -3.5219514077501284,
        -3.8761267956996877,
        -2.9748233161971456,
        -1.5305178778270119,
        0.4341906057092385,
        1.3990836331194474,
        1.8461966883215382,
        2.4475462321270864,
        1.483521951531374,
        1.400914112435301,
        1.6204697131407966,
        2.247251878731076,
        3.7450137394520846,
        5.11871807520396,
        4.5439723923931385,
        3.2624132155834635,
        0.7737769788569856,
        0.038711190976644404,
        0.1459939361954928,
        0.2268797791727007,
        0.08757343195919101,
        0.08205209854693618,
        -0.573213768483449,
        -2.0097873398879154,
        -3.774788620045601,
        -3.822370608025657,
        -2.7611136382004147,
        -1.4101440488935892,
        0.35825049350532806,
        1.570432276592774,
        2.6851790737173418,
        2.602389574491953,
        1.6768862622990879,
        1.685789936996958,
        1.913066540928547,
        2.3384860354240917,
        3.8491391000877684,
        5.734514488585938,
        4.825147867992539,
        3.416890087175505,
        0.7636010387069604,
        -0.08978546371359448,
        0.5554849329363206,
        0.4144257482681865,
        0.036516564868684064,
        0.1295041422552057,
        -0.1292738988110515,
        -1.7838305623332695,
        -3.4298692876584536,
        -4.151312107074205,
        -2.747509708121192,
        -1.2403635991452455,
        0.7515812981470926,
        2.3118963284529657,
        2.9285060543439854,
        3.0040869213944172,
        2.028105041405855
    ],