{
    "rmse": [
        7.365570758258262,
        8.858572277136203,
        9.477433686668432,
        9.677262877315291,
        10.241003619770641,
        11.46652344918142,
        12.75849704416519,
        14.588764455651711,
        16.69577301218896,
        15.019992386500377,
        14.656267834345309,
        14.243047912759476,
        14.76148097699018,
        14.259905839823357,
        13.872529076420266,
        13.91898255736333,
        14.655691060574103,
        15.769187621806065,
        16.53382054370851,
        16.74996097006135,
        16.651971168863064,
        16.542335889816094,
        16.5718743528263,
        16.08646737755671,
        15.302066354736578,
        15.01449803897458,
        14.672806757108914,
        14.374914050069032,
        14.509861247106693,
        15.644965835368733,
        16.71091724614142,
        18.129002416413176,
        19.71311182139002,
        18.201050391013514,
        17.768154498616873,
        17.23625177806504,
        17.57757071912261,
        17.045324922413787,
        16.73464959606106,
        16.495729528866942,
        17.20343685487324,
        18.245599294895285,
        18.743563561764176,
        19.0582386112098,
        18.777694345096617,
        18.65199138814982,
        18.638171531714907,
        17.935699392300318,
        16.87078208023624,
        16.440532822507137,
        16.02541028919433,
        15.751266188458855,
        15.953736896376787,
        16.96476264588511,
        18.03881003241138,
        19.52807869554384,
        20.965854358769384,
        19.559973273760885,
        19.060242154295896,
        18.189462597669806,
        18.412699372684614,
        17.78320573348631,
        17.490571198546316,
        17.367555462520286,
        18.031486680030895,
        19.0753755182393,
        19.600880105592903,
        19.732934360550452,
        19.481774975423754,
        19.315794494399558,
        19.187743142768404,
        18.38889738800382
    ],
    "mae": [
        4.963598439489221,
        5.958650973648167,
        6.42848304838537,
        6.845183092520467,
        7.4059022938066414,
        8.266295201928237,
        9.774867253279343,
        11.319363018773764,
        11.783631335103806,
        11.059063075570043,
        10.700861753094973,
        10.349046529318757,
        10.4859633620718,
        10.433028637415928,
        10.352486594114325,
        10.394598081275456,
        10.756074140956377,
        11.55719357758533,
        12.107993484678808,
        12.628789303482595,
        12.608067770952937,
        12.64121362150129,
        12.53420684906094,
        12.01380902653739,
        11.452471118644457,
        10.928022548753392,
        10.658011765040282,
        10.621573997810962,
        11.0342005106355,
        11.853344811099689,
        13.163510355149405,
        14.538780912748928,
        14.733632596280254,
        14.07780029095692,
        13.613316222541082,
        12.874200055359047,
        12.935542805396524,
        12.745135031499444,
        12.603925641976963,
        12.40804776149722,
        12.88570775837992,
        13.638465162092968,
        14.146760568311851,
        14.684929573195456,
        14.41510804748657,
        14.476031766100688,
        14.38929428526419,
        13.692798580451141,
        12.856178562356066,
        12.249714946892729,
        11.965939810134625,
        11.923140497569172,
        12.357364301470144,
        13.055356447295942,
        14.333888050017027,
        15.791693620781942,
        15.908074726230472,
        15.22446703722136,
        14.751429368139759,
        13.890436114229852,
        13.671502993972194,
        13.402633624850143,
        13.26717426970137,
        13.147323396055283,
        13.549877229762846,
        14.325261272513872,
        14.81717273394715,
        15.38532998538791,
        15.187646615967342,
        15.180640596611697,
        14.891532638692489,
        14.192833264467563
    ],
    "mb": [
        0.4952028245114931,
        0.28222961202429514,
        0.3155008771570135,
        1.0492990343037887,
        1.7006735430516025,
        2.0207359455929175,
        2.6820068790811367,
        3.2145953976985484,
        2.36677974657097,
        1.891746771157049,
        1.931921763199618,
        1.455960992351347,
        1.6604022510544532,
        2.5696776170583444,
        2.462368097718405,
        1.8441353263851383,
        1.530514688529351,
        2.4278015520588294,
        2.421665330014599,
        3.0362716485780727,
        3.03206322977445,
        2.4511788137763495,
        1.6702094654712794,
        1.2931973016560736,
        0.5512778607015024,
        0.22309994402425098,
        0.05376275225498623,
        0.6832890447888282,
        1.3820511677300142,
        2.1979031753554943,
        2.790412677423661,
        2.9630535742623736,
        2.3374285099747665,
        1.5259093955182734,
        1.5823866191435927,
        0.8303471770793898,
        1.2577908739486572,
        2.024305342606011,
        2.148447534865785,
        1.5830140225590281,
        1.8860946673913677,
        2.5924285427057194,
        2.9028127782729922,
        3.1344299815698475,
        3.0481084563176655,
        2.6517094845313745,
        2.1532628129984976,
        1.6175459848912956,
        0.8004473342321826,
        0.6787072233953859,
        0.5402397583458551,
        1.14104171898318,
        2.2460568191798225,
        2.7135325384587454,
        3.4819755544803077,
        4.272211174146922,
        3.3593002212214276,
        2.701709923367746,
        2.9279075810593342,
        1.8497818249590159,
        1.7571819034962344,
        2.3787476579795195,
        2.3757106739296923,
        2.1318038745043917,
        2.2114283037537334,
        3.0857085648180727,
        3.231293327401071,
        3.605813047145531,
        3.997005784130144,
        3.4919442996583836,
        2.7075631196970225,
        2.3928362799962386
    ],