{
    "rmse": [
        8.483945517633064,
        9.11284678027537,
        9.542954175441968,
        10.805865188978439,
        12.85512483545098,
        16.193232736772387,
        20.409902458727508,
        23.00766631734105,
        21.45374694182243,
        18.000415336627075,
        16.00067520885626,
        15.270644268478797,
        15.895174133321808,
        16.611154961803006,
        18.69870691575934,
        22.030559738577463,
        24.210212371296542,
        24.267364015034005,
        23.501112855095336,
        22.824708997054213,
        23.30495813319187,
        22.766712056443552,
        21.186887219721346,
        19.165107259609936,
        16.509291705536768,
        14.11894792745971,
        12.935345606649527,
        13.303159273117112,
        15.287692234665593,
        18.480123569377916,
        23.05344142904372,
        25.835751077482097,
        24.66770563185592,
        20.594411883133382,
        18.103414329394806,
        17.342551462864908,
        17.938013385177207,
        18.69776594576518,
        20.82787172447472,
        24.36000673800923,
        26.44271110336043,
        26.158965092041672,
        25.2665331329159,
        24.26802471848632,
        24.804924309367987,
        24.075242653876405,
        22.37417729635544,
        19.98647452350217,
        17.044136549816738,
        14.57174496096066,
        13.292062813358926,
        13.436667983628938,
        15.438453640042745,
        18.790322262907093,
        23.39817539506019,
        26.33447502889014,
        25.001957012761945,
        20.842968146677507,
        18.45102176140794,
        17.67669176048268,
        18.232671170097642,
        18.97957543190115,
        21.056623367781174,
        24.613934445533815,
        26.682811692536713,
        26.410240983790278,
        25.403049443351644,
        24.38628267112908,
        24.855379317049575,
        24.06735196991641,
        22.311488143999096,
        20.008036444080393
    ],
    "mae": [
        5.857764946438177,
        6.255249592493644,
        6.491124108499401,
        7.861224126126415,
        9.854286632348693,
        12.699197694918908,
        16.331989504813063,
        18.588888374811475,
        16.928271606773077,
        14.143831505804783,
        12.400150988908845,
        11.908945309538874,
        12.312291649180153,
        13.10490004484103,
        14.581609000826154,
        17.172468302751618,
        18.41665714522694,
        18.560277847879487,
        17.925979892575043,
        17.749918003038562,
        18.055974301001054,
        17.48924618732968,
        16.477624480607165,
        14.834436016071718,
        12.572232355705657,
        10.858242641203965,
        9.762816946252842,
        10.232356777521527,
        12.258913381319259,
        14.795215707427166,
        18.795784614863315,
        21.030147744669485,
        19.78975253526551,
        16.270112691720062,
        14.206381750810236,
        13.546203268497894,
        14.07854093133299,
        14.83941551847025,
        16.374508360585832,
        19.114968564048702,
        20.300483399951894,
        20.025289212281315,
        19.291828061919475,
        18.910648577739853,
        19.283928345976165,
        18.774433563069667,
        17.53664798697798,
        15.739157415033208,
        13.305044180660708,
        11.317182446038487,
        10.135993578455162,
        10.422634880063121,
        12.412189538017445,
        15.139753721393348,
        19.22953067111785,
        21.576971724704972,
        20.117709113047518,
        16.40135933728396,
        14.400080156010192,
        13.837421097543125,
        14.24212032494838,
        14.970546962698561,
        16.52944333001153,
        19.350266205544028,
        20.529516040629638,
        20.34732343734433,
        19.410274277585973,
        19.06527351449648,
        19.517970985439902,
        18.821618969481058,
        17.6175008566094,
        15.857935446444674
    ],
    "mb": [
        -1.190841774766159,
        -0.7592866212553222,
        -0.3951388130666302,
        1.010775605482734,
        2.275183480456377,
        1.3006639003951208,
        -0.15330051191157906,
        -1.4772371838756666,
        -2.067396927304704,
        -1.66673431649618,
        -1.5104050920993655,
        -1.666417122332667,
        -1.8445497487285727,
        -2.205384941970876,
        -3.875886043863259,
        -6.0671072034182325,
        -6.568295626282496,
        -5.285433492572344,
        -4.444994063226512,
        -2.9940504962656074,
        -2.1746891143200244,
        -1.366821964447415,
        -0.7217153753793867,
        -0.5058509631286905,
        -0.3500514616231089,
        0.3682950997657021,
        0.9352374276492291,
        1.0569752427765235,
        2.222625212021693,
        0.7998660824050868,
        -0.9906498853558654,
        -2.9972630472108506,
        -3.574262396783501,
        -2.9835405424445813,
        -2.6433541635925946,
        -2.339430697928744,
        -2.70778772710679,
        -3.3493836055604365,
        -4.897012283265498,
        -7.276751059456596,
        -7.086015865938864,
        -5.98480078136405,
        -4.656736757320121,
        -3.288736032088325,
        -2.6763653153945417,
        -1.5425468147844583,
        -0.6384294148960855,
        -0.8107805556887889,
        0.02589545045613314,
        0.46139930562158127,
        0.8894939549239419,
        1.328933128909278,
        2.0819868295825015,
        0.7113521852455079,
        -1.3154812645342449,
        -3.3654906237852273,
        -3.981724561006641,
        -2.5640922970348377,
        -2.6518369614535318,
        -3.0865527902699497,
        -3.225955058446396,
        -3.8464732259419874,
        -5.28794211283231,
        -7.297821758443124,
        -7.49049115601522,
        -6.211266416924436,
        -4.788725213663404,
        -3.2246217644617854,
        -1.738336830321934,
        -1.176760295938155,
        -0.5159308458458041,
        -0.23631558668406952
    ],