{
    "rmse": [
        7.610026831604023,
        9.107180399166477,
        9.994697054252859,
        9.846927729534414,
        10.539804134026525,
        11.412742395851973,
        12.604712817917083,
        13.936760809848593,
        16.094094510102423,
        14.687910740470512,
        14.190454942027756,
        14.138048202421265,
        14.603829066463152,
        14.030072288548993,
        13.888784299369371,
        13.699990739572156,
        14.45874965163439,
        15.058184643233144,
        15.961115568964749,
        16.048475850187273,
        16.122543254111555,
        15.976691886456843,
        16.01224310627557,
        15.543621381554109,
        14.48955752913989,
        14.363025959872722,
        14.229801434779084,
        14.074576548384815,
        14.450635152428307,
        15.446616486889875,
        16.674178028385136,
        17.886123565094195,
        19.27124833965464,
        17.61867628610986,
        17.420018183588326,
        16.91970775408859,
        16.93067759821572,
        16.555445779139045,
        15.987346526873486,
        15.694723195113463,
        16.032865327160447,
        17.218579238952227,
        18.08929769504836,
        18.47332533412451,
        18.457256255304113,
        18.286305727305084,
        18.100932015085327,
        17.446085381207617,
        16.163328934103482,
        16.092840275299373,
        15.402268439054316,
        15.340746462054465,
        15.773995953486352,
        16.92122028641599,
        17.709523374806807,
        18.79272864429513,
        20.269230207586528,
        18.85670026196091,
        18.56501960587924,
        17.807229301541522,
        17.908975938933597,
        17.56476802528731,
        17.03488410643547,
        16.77074785920353,
        17.01531232886695,
        18.02817862401191,
        18.728202292572405,
        19.041386389384005,
        18.89610991779632,
        18.7781255092409,
        18.568246733906825,
        17.90961717896779
    ],
    "mae": [
        5.180286962793126,
        6.172413083733961,
        6.885322684770893,
        6.946386843573935,
        7.565646661289305,
        8.094888131666417,
        9.474439498124037,
        10.578708889511061,
        11.167833077220822,
        10.66836210685862,
        10.373680893303215,
        10.31248927339561,
        10.219474452926773,
        10.188008907960212,
        10.370101949265091,
        10.289985888292962,
        10.640120792760646,
        11.05836024521006,
        11.748605110578955,
        12.21428668125668,
        12.264724076724269,
        12.393891923776417,
        12.346403855289735,
        11.781233333361053,
        10.855063523438133,
        10.612398149442075,
        10.40453540582172,
        10.389303275883057,
        10.912410642708554,
        11.608917992238103,
        12.99198481773142,
        14.076603074553734,
        14.223250814502201,
        13.444846180838386,
        13.290057532798773,
        12.53152959795211,
        12.327366406069693,
        12.311882133955597,
        11.97743714128701,
        11.808922392859595,
        11.83799781024712,
        12.626957529148257,
        13.399356758538893,
        14.150834973352179,
        14.171639373597555,
        14.179573109405268,
        13.994226525507496,
        13.308610559171612,
        12.311008398786123,
        12.015589738950947,
        11.40454548416942,
        11.381761358089685,
        12.103626871994463,
        12.955883582901565,
        13.987232386234046,
        14.919581477733782,
        15.248445564243484,
        14.65949466849334,
        14.117512480200665,
        13.476051753087793,
        13.354627729084223,
        13.395014052959969,
        12.975614594736395,
        12.700806466181824,
        12.690882191917769,
        13.388390758846134,
        13.989181156909085,
        14.540642743643987,
        14.602206200293827,
        14.661681548268918,
        14.407055116491499,
        13.877779380600279
    ],
    "mb": [
        -0.7236141672919872,
        -1.0465098467780394,
        -1.9518889003083881,
        -0.2677890888844113,
        0.213516490694321,
        0.35313677585625086,
        2.1356312545848692,
        2.7167125461473347,
        1.5937934704722283,
        1.000173784882796,
        0.782453069756744,
        0.9065153729094669,
        0.7203476625482551,
        1.3737667357956214,
        1.5265332748047267,
        0.8026244063555565,
        1.0906323880172286,
        2.009144014838099,
        1.5977848455203827,
        2.273907920591416,
        2.2882592506310906,
        1.4487483909818102,
        1.3560138036008276,
        0.5556447379374779,
        -0.2706535959581263,
        -0.7441696507502066,
        -1.3854616713373682,
        0.20298466605671212,
        0.6758811523046921,
        1.290064826661834,
        3.051129143234812,
        3.508321204510276,
        2.4627446211607524,
        1.6480678027677669,
        1.2551127819719228,
        0.9599643193185726,
        0.24879972861138186,
        0.8960216545216637,
        1.2142565681210475,
        1.1097618922882373,
        0.5342876762335107,
        1.3398735925827485,
        2.0676911761260435,
        2.254394485171761,
        2.729768758877288,
        2.06604942733893,
        1.771272526409958,
        0.4049669298074077,
        -0.5386122205071238,
        -0.928744407870723,
        -1.2339651240646277,
        -0.17443706618363447,
        1.5398798882302165,
        2.179826148163418,
        2.9651734384043316,
        3.7078985845402497,
        3.0782954604290174,
        2.1743452814002704,
        2.0419255640536043,
        1.2034109965784452,
        1.456488674957845,
        2.2156680854169317,
        1.6628133981891535,
        1.5861890672923056,
        0.9994085287706299,
        1.2387753357033282,
        2.4879858386007343,
        2.3845868629094786,
        3.0445141986031783,
        2.910925774325792,
        1.1268876963555485,
        1.0299234856387731
    ],