{
    "rmse": [
        8.184359103427703,
        8.940685417594453,
        9.64667407608405,
        11.304256252882924,
        13.40652810332004,
        14.634206250436764,
        16.740366047776003,
        17.743716815396787,
        16.884301947886208,
        14.712092444336786,
        13.725322234018636,
        13.33421544466194,
        13.617251657309371,
        13.752828155629922,
        15.530246225135986,
        18.235140459248168,
        19.891399467530242,
        20.850958233638547,
        21.42063794481563,
        21.73203245588934,
        22.43290907275371,
        22.089072503289316,
        20.62530537909156,
        18.79306551019817,
        16.02777105960317,
        13.928341688876815,
        12.758935371891514,
        13.656613668797434,
        15.215505810040055,
        16.484825757331286,
        18.769428411679083,
        19.968872524291832,
        19.133405461489847,
        16.78657445348785,
        15.028692364806503,
        14.724027625212088,
        14.881653951325902,
        15.170425807297669,
        16.738738696245935,
        19.12650701338398,
        21.11194786127382,
        22.239843011656063,
        22.586233359560527,
        23.36253504913283,
        24.280447427428335,
        23.37807553015915,
        21.90580331269306,
        19.650615029444467,
        16.834005909233554,
        14.3944868720974,
        13.398286928221834,
        13.853783134969168,
        15.840599531729966,
        17.154797184861227,
        19.216564996598663,
        20.37472046955614,
        19.645708770458647,
        17.245262589999452,
        15.238810057726674,
        14.629099017537841,
        14.914124933353236,
        15.339832274936093,
        16.612721128547776,
        19.399019270076383,
        21.4787764384596,
        22.41677017268053,
        23.054088639985295,
        23.57840161073801,
        24.428862680533253,
        23.584432341278628,
        21.932343214033274,
        19.68358965719517
    ],
    "mae": [
        6.019884263202184,
        6.466191885144463,
        7.035345815310566,
        8.508005395350771,
        10.314829995086445,
        11.453130307381334,
        13.040943434058685,
        13.619633193501162,
        12.748102835062424,
        11.156813554611636,
        10.306422300437186,
        10.14254190349605,
        10.351466945160837,
        10.413213609120545,
        11.566766827664885,
        13.612176470731326,
        14.569978849190385,
        15.661666674910697,
        16.454344906832493,
        17.058397564960654,
        17.69476402856924,
        17.25269734781935,
        16.35942079917961,
        14.879193158622728,
        12.498490948838084,
        10.870814419487028,
        9.777036515845715,
        10.772096414113422,
        12.274662332846058,
        13.183425705950519,
        14.742899369427972,
        15.245517763071964,
        14.583830795211878,
        12.747340208156073,
        11.422521334718606,
        11.159000538980187,
        11.273323663120093,
        11.53648767734208,
        12.615124273644705,
        14.195184840236792,
        15.540187929709004,
        16.769747783883176,
        17.312210305120534,
        18.427901181946922,
        19.238386413417064,
        18.487874091519195,
        17.41712042989582,
        15.783972224706197,
        13.214924695042152,
        11.315970182345385,
        10.471520654093359,
        10.934901941662577,
        12.84809587545547,
        13.681043632225089,
        15.304607351733104,
        15.602247193572822,
        15.015797230559807,
        13.224600543450398,
        11.540970116448097,
        11.160161613204798,
        11.415792939474924,
        11.66150784852184,
        12.546512737279631,
        14.501491297664593,
        15.899736863888503,
        16.988374832474367,
        17.535175499625613,
        18.434705169894492,
        19.290314270107785,
        18.77201564638983,
        17.576236404775617,
        15.8501296498156
    ],
    "mb": [
        0.8082669669445948,
        1.3816173595760368,
        2.1575007950602116,
        2.9325081289495496,
        4.955100550345046,
        4.080710565076194,
        3.635967645888378,
        1.5412458561602507,
        0.604975952418342,
        0.3930194671436317,
        1.116238174018736,
        0.9683054403222813,
        0.7705527199827913,
        0.30489108973251755,
        -0.9288789069769025,
        -3.6553748755651476,
        -3.0877023299740918,
        -2.8920138763251093,
        -1.5403028227097222,
        0.03394872774586922,
        1.0516116766267958,
        2.1019472408688236,
        2.237453039407699,
        1.1828975524455885,
        0.9528683912118597,
        1.2101739630307804,
        1.699173403996783,
        3.4605415041161556,
        4.170122214209516,
        3.88175668663037,
        2.5708497343504098,
        0.035750555028658634,
        -1.0237498789182513,
        -0.10178766354298421,
        0.6394131709567656,
        0.11324330357560665,
        0.9961181731254346,
        -0.4679086408515051,
        -1.5198124082452809,
        -3.399905463720639,
        -3.400082982496797,
        -3.0456119575490077,
        -1.7881911675487459,
        0.42790588731399914,
        0.8855343191587176,
        1.660871933122168,
        1.893298223181139,
        1.595168034575715,
        1.2479104054839683,
        1.7282439745095404,
        2.302003463522468,
        3.3866237948443483,
        4.890383242237836,
        4.398629089277888,
        2.511723203751336,
        0.12162403243478459,
        -0.1537485911244707,
        -0.3574482545013371,
        0.14468267061914838,
        -0.04282499659994549,
        0.038340615290153986,
        -0.4034284682559024,
        -1.8787040717638566,
        -3.6321379618842946,
        -4.045498409987467,
        -3.540781909650907,
        -2.0881015271915233,
        0.4365359900481183,
        1.4723277273563202,
        2.6635039297480265,
        2.5892781830123632,
        2.084529565793672
    ],