{
    "rmse": [
        23.114645922576415,
        22.57348144122634,
        22.138206122065046,
        21.75506871837165,
        21.82873616335398,
        22.919665467735953,
        23.42231844321826,
        24.906198904990585,
        27.39592824793623,
        25.463974933325847,
        24.769112032324337,
        23.694154377784816,
        24.20274317595493,
        23.462083644956376,
        23.002930325500145,
        22.689369833944905,
        23.30045642874314,
        24.22070925568892,
        24.922491760531617,
        25.157087156644447,
        25.01124502128515,
        24.583685073437266,
        24.558669232024624,
        23.74189015626465,
        23.11465843331531,
        22.57511622125219,
        22.134700966748905,
        21.750417766611612,
        21.823364572998535,
        22.91451241231481,
        23.419612460247375,
        24.903869434093853,
        27.391962523064763,
        25.457237720274982,
        24.75993081611311,
        23.692736954261726,
        24.20060245333296,
        23.461932202355758,
        22.98366700876186,
        22.644677109621657,
        23.284931606185022,
        24.21631532381957,
        24.91890085475535,
        25.143569934534078,
        24.992589702938993,
        24.575889287714656,
        24.547122001971573,
        23.73976961774659,
        23.116860147876793,
        22.578733595856978,
        22.13977601506335,
        21.754196873984796,
        21.82583372724365,
        22.915168736843473,
        23.41915938438379,
        24.90537709018732,
        27.391004939323736,
        25.456399246948465,
        24.75576092733033,
        23.682336125058782,
        24.197168689774337,
        23.460336655600415,
        22.97907253950444,
        22.636854056750003,
        23.276680310396156,
        24.210148396573324,
        24.916053474948523,
        25.14197945582043,
        24.990564180710372,
        24.573521959677596,
        24.55532001937402,
        23.741432755752562
    ],
    "mae": [
        17.211145765488258,
        16.402356683250392,
        16.15627460528681,
        15.809114943027673,
        16.002849761502258,
        16.552861336708407,
        17.33738217086127,
        18.61876813646917,
        19.521422409701376,
        18.88633110098097,
        18.328127102230233,
        17.469384646171527,
        17.30946800724097,
        17.00997845251111,
        16.884577152954854,
        16.601870763434633,
        16.96578187334395,
        17.36036764122279,
        18.098437075376335,
        18.520394150828533,
        18.51531571474883,
        18.49759729320353,
        18.579698157330494,
        17.935453799222152,
        17.21117425634966,
        16.40818717064202,
        16.15207989781307,
        15.801925180019394,
        15.993776837317045,
        16.544208565331054,
        17.333398095670574,
        18.613471356230562,
        19.514165677202058,
        18.875152273373576,
        18.31470472549572,
        17.467104305614313,
        17.306015449524665,
        17.009705259250463,
        16.867846522728573,
        16.573714420633404,
        16.95032329242129,
        17.352850377852626,
        18.091624155656262,
        18.505958078228325,
        18.496236140179686,
        18.48713433595278,
        18.566237349820224,
        17.932301818401694,
        17.217101848540764,
        16.416646819238384,
        16.161648729447684,
        15.80812762581807,
        15.997966079800257,
        16.54542906353604,
        17.332533003871212,
        18.61723327000843,
        19.511374705249462,
        18.87278035836969,
        18.30720446138533,
        17.453147636316643,
        17.29757060082083,
        17.00512653207281,
        16.86279111771289,
        16.565354585432722,
        16.93887565679125,
        17.34655800165171,
        18.08893244304828,
        18.50349456147139,
        18.493548250902954,
        18.484064664901265,
        18.57245509395005,
        17.933911796349353
    ],
    "mb": [
        0.13410096337773017,
        0.1293779940949493,
        0.09319307136695694,
        0.09755791608782159,
        0.09149750087926364,
        0.09912835821330654,
        0.0969752811754554,
        0.08949588268144014,
        0.0804421372944407,
        0.09645525911056009,
        0.12154469913576839,
        0.12573231824936573,
        0.13666154905447914,
        0.1328162321560892,
        0.14917550607694885,
        0.1593319044654918,
        0.15265830903363503,
        0.1390889082323871,
        0.12197262824254743,
        0.12468564273497279,
        0.1099062188582599,
        0.10527204933953288,
        0.11388094764525351,
        0.1020713572158856,
        0.12296550573994543,
        0.123547506703321,
        0.09738777884069529,
        0.10474767909610264,
        0.1005704250644761,
        0.10778112959066065,
        0.10095935636615584,
        0.09479266292004948,
        0.08769886979375638,
        0.10763408671794993,
        0.13496707587028192,
        0.1280126588065791,
        0.12019857993928916,
        0.11854746071682096,
        0.1201310416602355,
        0.11985906158417978,
        0.12699456175267926,
        0.123558447460566,
        0.10756228790651512,
        0.0988496364047769,
        0.08308672236372988,
        0.08517987731276515,
        0.09077345896931702,
        0.08454862506479349,
        0.1135458682845256,
        0.11508785810695549,
        0.08781894720607962,
        0.09854523329742641,
        0.09638118258126274,
        0.10656063138567351,
        0.10182444816551688,
        0.09103074914217657,
        0.0904898417463529,
        0.11000600172184112,
        0.11986613186792844,
        0.10864623636690368,
        0.10940371514944477,
        0.10957819060425544,
        0.09721716175282327,
        0.09661494824550228,
        0.10858482000764225,
        0.09752388802173187,
        0.07864456393360658,
        0.08104107364957935,
        0.06242518530983254,
        0.06438778214965739,
        0.05526004591953862,
        0.05764298052910728
    ],