{
    "rmse": [
        22.7175937582572,
        18.9723523127684,
        16.56327540678444,
        16.65928716343329,
        18.224932636822707,
        20.937823503788817,
        24.295277882423257,
        27.339520762968643,
        25.90596885834166,
        22.247107987873648,
        19.760715978382528,
        18.186007971517384,
        18.766761906715335,
        18.720709714198197,
        20.912972405641174,
        24.102198289743804,
        27.33392512480839,
        29.370942090685315,
        30.830173461896024,
        31.828492271728237,
        33.01457361978642,
        32.228110799366085,
        29.896276357697538,
        26.69704634496719,
        22.743291554563413,
        19.003672199836377,
        16.578468402078645,
        16.667549199552937,
        18.232255985834144,
        20.943412418190544,
        24.304080780652324,
        27.342989882574756,
        25.903585674082585,
        22.24202291624569,
        19.759760536359604,
        18.188755640755954,
        18.776437760428287,
        18.73326370425806,
        20.918045921468764,
        24.106579253928242,
        27.3364386766198,
        29.374411103387423,
        30.83415552099477,
        31.831336608985023,
        33.01880874841149,
        32.22921064970587,
        29.90075351772205,
        26.701753765195317,
        22.746054160440558,
        19.003482013467494,
        16.579420330550406,
        16.668464263280203,
        18.234662018152523,
        20.945628696788777,
        24.303617257293073,
        27.33703149884651,
        25.899972521521335,
        22.23406140183647,
        19.76821789082982,
        18.20392784924138,
        18.789729714787594,
        18.754098958118274,
        20.9358199244326,
        24.12315086474696,
        27.34776940943122,
        29.38720701535928,
        30.844241256126182,
        31.837631180722255,
        33.02553038532888,
        32.231807953796775,
        29.899180211632164,
        26.700001482751684
    ],
    "mae": [
        16.67824237714234,
        13.897532442691142,
        12.232551156101493,
        12.66596335850915,
        14.199250615407449,
        16.120637280607458,
        18.347215133061074,
        20.81824333085362,
        19.5428937492111,
        16.86074460502,
        14.802446054497064,
        13.739240450536359,
        14.081910484786398,
        14.194337501726434,
        15.676002701592177,
        18.123206049007802,
        20.207333066818453,
        22.080365382138808,
        23.1871739388546,
        24.51389562084323,
        25.20888670828795,
        24.600582316658905,
        22.769707775171565,
        20.15160554675157,
        16.701369920751777,
        13.920410366991746,
        12.246357830813505,
        12.675824370028625,
        14.21046565435424,
        16.13000534643302,
        18.360233094662828,
        20.82345806700283,
        19.539567939008144,
        16.85268127205236,
        14.800096696296295,
        13.744258008408,
        14.094786855603733,
        14.206760782033621,
        15.682845207351914,
        18.13299259426288,
        20.21084976237523,
        22.08681562898467,
        23.19868579403836,
        24.518772636751073,
        25.21405949161214,
        24.60207583722939,
        22.77790430835862,
        20.16333660544603,
        16.706821690362307,
        13.920194309942923,
        12.248054822585308,
        12.677879009633669,
        14.217220059181448,
        16.136784922955236,
        18.359525140740715,
        20.815803774079075,
        19.535520540214943,
        16.84595099009954,
        14.80957488828752,
        13.756113876756876,
        14.109951753025568,
        14.225436082088477,
        15.698598493144564,
        18.152148254164143,
        20.228511901706003,
        22.106019534634697,
        23.217049594367488,
        24.527512459022056,
        25.225071059357614,
        24.60681755527656,
        22.775572780108487,
        20.157205200070276
    ],
    "mb": [
        0.06049387602852436,
        0.07648419528250142,
        0.08059032803071847,
        0.08909731212287456,
        0.09992323861766318,
        0.09888700383982446,
        0.08641128250137108,
        0.07999040263302261,
        0.06433360833790489,
        0.05663106966538679,
        0.04817023368074622,
        0.04455914426769068,
        0.04188360285244118,
        0.050681110257816776,
        0.0584612616566099,
        0.05769247613823376,
        0.05863221941854045,
        0.026595993417444008,
        0.020179308831596337,
        0.016994040592429874,
        0.015990319253976967,
        0.02410294679100392,
        0.04474793198025225,
        0.03356435765222148,
        0.0327850839275918,
        0.047965713658804233,
        0.06058512342292922,
        0.07378033571036766,
        0.08870819967087215,
        0.0851810159078443,
        0.0733933208996158,
        0.07477566648381766,
        0.06765941854086699,
        0.06469440263302258,
        0.05051959188151396,
        0.03954158639605055,
        0.02900723203510714,
        0.029919705979155182,
        0.041447293472298335,
        0.04790593088315961,
        0.05511552386176603,
        0.020145746571585486,
        0.008478665935271568,
        -0.0033719583104772407,
        -0.013666132748217341,
        -0.0019350740537573544,
        0.0268309292375206,
        0.021810224904004267,
        0.02014050246845848,
        0.029613450356555094,
        0.050382196379594,
        0.06563624355458038,
        0.08158251234229291,
        0.07840143938562817,
        0.07410127482172241,
        0.08242995940757009,
        0.07170681733406481,
        0.07142468458584754,
        0.041041399890290826,
        0.02768571804717497,
        0.01094549204607801,
        0.006977803620405871,
        0.015543521667580848,
        0.028750270981897863,
        0.037453384530992694,
        0.0009418409215581537,
        -0.010103289083927554,
        -0.028525823368074653,
        -0.035780515633571014,
        -0.021303644541963644,
        0.004695569939659883,
        0.013438538672517809
    ],